order_month,CA_mensuel
2024-01,96136.26000000001
2024-02,124550.19
2024-03,85860.28
2024-04,82740.55
2024-05,73921.77
2024-06,95653.19
2024-07,85929.85
2024-08,108552.22
2024-09,72245.42
2024-10,67970.7
2024-11,66455.22
2024-12,93965.73
2025-01,107745.22
2025-02,71454.81
2025-03,72754.3
2025-04,79869.31999999999
2025-05,84927.94
2025-06,89469.25
2025-07,94230.63
2025-08,111647.31
2025-09,79536.37
2025-10,95237.73
2025-11,46574.92
2025-12,36229.26
