Accessoire,Cloud,Cours,Laptop,Livre,Logiciel,Total_CA
16269.2221,49248.828,77883.9941,564245.0344,13493.356,52649.3407,773789.7753000001
18279.2875,56899.329699999995,69387.1389,507813.5793,15235.3036,58983.643200000006,726598.2822
8542.3893,23821.7599,35781.2163,193132.4284,7845.7545,31424.592800000002,300548.14119999995
7435.851500000001,25003.1734,20136.915399999998,145515.6142,4128.0328,20502.7439,222722.33120000002
