category,score_moyen
Accessoire,4.42322695035461
Cours,4.381141761504206
Logiciel,4.356174599692915
Laptop,4.331705787024936
Livre,4.327504835589942
Cloud,4.2977439471753485
