delivery_delay_class,score_moyen,nb_commandes
0-2 jours,4.3412825353726054,1003
3-5 jours,4.394268345636127,637
6-10 jours,4.344101222874108,301
> 10 jours,4.334309587389095,247
