channel,ventes_totales,ventes_retournees,taux_retour
Web,1051703.75,49742.869999999995,0.047297416216306155
Boutique,282925.31,8003.599999999999,0.028288738112542847
App,689029.38,18495.699999999997,0.026843122422442998
